0,jacob-9,zihao-gromacs10.23-3,zihao10-24,cesm_dev,cesm_bgfs,sdsc-monitor,gpu-run,gromacs-zihao
1,0.334104,0,0.002104,0,0,0.014604,0,0
2,0.334104,0,0.002104,0,0,0.014604,0,0
3,0.334104,0,0.002104,0,0,0.014604,0,0
